Item Disponível,Início,Fim
cavalete (1),02/04/2025,05/04/2025
"cubo 0,20 cm (4)",02/04/2025,05/04/2025
"cubo 0,20cm (5)",02/04/2025,05/04/2025
"cubo/vidro 0,20 cm (1)",02/04/2025,05/04/2025
"cubo/vidro 0,20 cm (2)",02/04/2025,05/04/2025
"cubo/vidro 0,40 cm (3)",02/04/2025,05/04/2025
mesa de acrílico (1),02/04/2025,05/04/2025
mesa de acrílico (2),02/04/2025,05/04/2025
mesa de acrílico (3),02/04/2025,05/04/2025
mesa de acrílico (4),02/04/2025,05/04/2025
mesa de acrílico (5),02/04/2025,05/04/2025
mesa de acrílico (6),02/04/2025,05/04/2025
mesa de acrílico (7),02/04/2025,05/04/2025
mesa televisão (1),02/04/2025,05/04/2025
painel branco (1),02/04/2025,05/04/2025
painel horizontal (1),02/04/2025,05/04/2025
painel horizontal (2),02/04/2025,05/04/2025
painel horizontal (3),02/04/2025,05/04/2025
painel horizontal (4),02/04/2025,05/04/2025
painel horizontal (5),02/04/2025,05/04/2025
painel vertical (1),02/04/2025,05/04/2025
painel vertical (2),02/04/2025,05/04/2025
painel vertical (3),02/04/2025,05/04/2025
painel vertical (4),02/04/2025,05/04/2025
painel vertical (5),02/04/2025,05/04/2025
painel vertical (6),02/04/2025,05/04/2025
painel vertical (7),02/04/2025,05/04/2025
painel vertical (8),02/04/2025,05/04/2025
painel vertical (9),02/04/2025,05/04/2025
porta banner (1),02/04/2025,05/04/2025
púlpito (1),02/04/2025,05/04/2025
púlpito (2),02/04/2025,05/04/2025
púlpito (3),02/04/2025,05/04/2025
púlpito (4),02/04/2025,05/04/2025
Televisão (1),02/04/2025,05/04/2025
